Infinx Premier League (IPL 2025) - Hyderabad,Hyderabad,14,2025-11-14,2025-11-13
Chandauli Circle Premier League,Saiyadraja,15,2025-11-14,2025-11-13
BPL-8,Dubai,12,2025-11-14,2025-11-13
ICL Cricket Tournament,Bengaluru,12,2025-11-14,2025-11-13
IPL,Unknown Location,12,2025-11-14,2025-11-13
RBCTest,Kalyan,7,2025-11-14,2025-11-13
FPL SEASON0:-06,Vadodara,10,2025-11-14,2025-11-13
Hafezji Box Cricket,Surat,10,2025-11-14,2025-11-13
Pipar league,No. School ground pipar city,12,2025-11-14,2025-11-13
RCPL,Bhubaneswar,15,2025-11-14,2025-11-13
Abu Ubaida primer league,Bhatkal,12,2025-11-14,2025-11-13
PNCT Federation Sport,PNCT Federation Graund,10,2025-11-14,2025-11-13
KPL SEASON 4,Yuvraj house,6,2025-11-14,2025-11-13
Ipl👍,JanPaliya,10,2025-11-14,2025-11-13
Sunday premier match,Punjab,11,2025-11-14,2025-11-13
Gpl,Charampa college fiels,5,2025-11-14,2025-11-13
TRIP LEAGUE,Dapoli,7,2025-11-14,2025-11-13
Best xi league,Home,24,2025-11-14,2025-11-13
Test match,Urwa,13,2025-11-14,2025-11-13
Sachkhad school,Nanded,7,2025-11-14,2025-11-13
Deeken premier league,Unknown Location,10,2025-11-14,2025-11-13
Npl auction,Borivali,8,2025-11-14,2025-11-13
TPL Auction1,Unknown Location,15,2025-11-14,2025-11-13
Youngsters Premier League,Unknown Location,12,2025-11-14,2025-11-13
Ipl,Unknown Location,15,2025-11-14,2025-11-13
Super sanday league,Bardiya jagir,11,2025-11-14,2025-11-13
MEGA AUCTION,Uganda,25,2025-11-14,2025-11-13
MPL season two,India,11,2025-11-14,2025-11-13
Sol,Mahuva,7,2025-11-14,2025-11-13
Check,Hubli,13,2025-11-14,2025-11-13
Dadipatel cricket ground lajpor,Dadipatel cricket ground lajpor,15,2025-11-14,2025-11-13
BPL,Bara,12,2025-11-14,2025-11-13
RedBulls11 Virtual auction,Hyderabad,11,2025-11-14,2025-11-13
Kpl,Firdous abad,3,2025-11-14,2025-11-13
Farewell League,Hyderabad,8,2025-11-14,2025-11-13
Kamleshbhai Patel,Lotarva,17,2025-11-14,2025-11-13
Patel 11,Ujjain,13,2025-11-14,2025-11-13
KPL TOURNAMENT,Palanpur,9,2025-11-14,2025-11-13
BPL,Bangladesh,8,2025-11-14,2025-11-13
IPL,Kolkata,11,2025-11-14,2025-11-13
Auction Tournament,Kalol,14,2025-11-14,2025-11-13
YPL,Dasna Ghaziabad,11,2025-11-14,2025-11-13
Ag Auction,Ahmedabad aditya greens,4,2025-11-14,2025-11-13
Ipl auctions 2.0,Chennai,15,2025-11-14,2025-11-13
IPL AUCTION,Mumbai,13,2025-11-14,2025-11-13
Argusoft Cricket Tournament (Season 7),Argusoft,15,2025-11-14,2025-11-13
Mumbai,Mumbai,33,2025-11-14,2025-11-13
Wpl,Ajna,7,2025-11-14,2025-11-13
KPL,Jodhpur,15,2025-11-14,2025-11-13
Ipl,Mumbai,11,2025-11-14,2025-11-13
SABIR ALI,Amravati,11,2025-11-14,2025-11-13
Kpl,Kantia,11,2025-11-14,2025-11-13
IPL Auction,Mumbai,18,2025-11-14,2025-11-13
RSPL,Kolkata,7,2025-11-14,2025-11-13
All cricket board,Mumbai,15,2025-11-14,2025-11-13
Khatri auction,Gogawan,8,2025-11-14,2025-11-13
BPL,Nimapada,15,2025-11-14,2025-11-13
IPL AUCTION,Unknown Location,8,2025-11-14,2025-11-13
Marina kids league,Mumbai,8,2025-11-14,2025-11-13
DPL 5,Unknown Location,12,2025-11-14,2025-11-13
JPL,Jalwad,13,2025-11-14,2025-11-13
CCPL Auction 2025,Odisha,13,2025-11-14,2025-11-13
APL 2026 AUCTION,APL ground,15,2025-11-14,2025-11-13
Champion league,Kharghar,14,2025-11-14,2025-11-13
Ipl auction,Delhi,25,2025-11-14,2025-11-13
QPL Season 7,Mumbai,11,2025-11-14,2025-11-13
jtp,Unknown Location,1,2025-11-14,2025-11-13
Super sanday league,Neemuch,11,2025-11-14,2025-11-13
Nk Volly Ball,Shree radhekrishna temple nanakwada,6,2025-11-14,2025-11-13
JDMPL - 2025,Vadodara,6,2025-11-14,2025-11-13
Spl,As,13,2025-11-14,2025-11-13
Tspl,Gudiyatham,11,2025-11-14,2025-11-13
Spl,Sirpur,15,2025-11-14,2025-11-13
DHL Cricket Tournament,Turf,10,2025-11-14,2025-11-13
Money In the Bank,Wayanad,10,2025-11-14,2025-11-13
ZFPL,Hyderabad,11,2025-11-14,2025-11-13
Ipl 2029,Kokalta,11,2025-11-14,2025-11-13
RASAKHOWA PREMIER LEAGUE,RASAKHOWA,13,2025-11-15,2025-11-13
Zion Premier League 2026 Player Auction,Chennai,13,2025-11-15,2025-11-13
MVYS Season-2 Morbi,Morbi,11,2025-11-15,2025-11-13
ASHURLA PRIMER LEAGUE,ASHURLA,16,2025-11-15,2025-11-13
APL,Adoni,6,2025-11-15,2025-11-13
CCPL,Churaman chak,11,2025-11-15,2025-11-13
Bpl,Swm,14,2025-11-15,2025-11-13
IPL RIYADH- 2025,Riyadh,14,2025-11-15,2025-11-13
GCL,Tail wala park,4,2025-11-15,2025-11-13
JPL premiere league (Season 2),Chembur,7,2025-11-15,2025-11-13
BPL SEASON 4,Surat,15,2025-11-15,2025-11-13
P P L-2 Auction,Unknown Location,15,2025-11-15,2025-11-13
Ghosi premier league,Lord London,7,2025-11-15,2025-11-13
OCHCHHAN PREMIUM LIG,Ochchhan cricket ground,12,2025-11-15,2025-11-13
Alumni Cup season 4,Kolkata,16,2025-11-15,2025-11-13
MPL Auction,Mogra ground,7,2025-11-15,2025-11-13
Iraniwadi Premier League,Mumbai,10,2025-11-15,2025-11-13
BCF,BCF Ground,12,2025-11-15,2025-11-13
Ipl,Dubai,15,2025-11-15,2025-11-13
BADIBASE PREMIER LEAGUE 3,Sindhanur,14,2025-11-15,2025-11-13
Tangwani primer league (TPL),Badran magan kashmir,5,2025-11-15,2025-11-13
Parastoli winter action,Parastoli,8,2025-11-15,2025-11-13
APL,Agardanga,8,2025-11-15,2025-11-13
Weekend cup auction,Bengaluru,11,2025-11-15,2025-11-13
Apl,Ambach,11,2025-11-15,2025-11-13
BPL AUCTION,Gurumatakal,15,2025-11-15,2025-11-13
Abc,Unknown Location,12,2025-11-15,2025-11-13
BBL,Karli,8,2025-11-15,2025-11-13
50+RPL,Nere,12,2025-11-15,2025-11-13
BCF Season 14 Auction,Khurana traders,9,2025-11-15,2025-11-13
Kol kuda,Kuda,11,2025-11-15,2025-11-13
KKPL auction,Agartala,7,2025-11-15,2025-11-13
Elite Premier League Season 1,Pune,8,2025-11-15,2025-11-13
Bpl session 3,Silvassa,8,2025-11-15,2025-11-13
KPL,Kapletha,15,2025-11-15,2025-11-13
HFL,National seminar hall bit,15,2025-11-15,2025-11-13
AAYM JPL SEASON 10,Ichalkaranji,11,2025-11-15,2025-11-13
Dspl Season 4,Malad,9,2025-11-15,2025-11-13
8STARS VILLAGE CRICKET LEAGUE,Yamapur,15,2025-11-15,2025-11-13
Sdmlc primiar legeue,Mangalore,10,2025-11-15,2025-11-13
IPL MINI ACTION,Mumbai,11,2025-11-15,2025-11-13
Volley ball,Club house,7,2025-11-15,2025-11-13
Short hand cricket CRICKET LOVERS,Howrah,8,2025-11-15,2025-11-13
SCL - 2025 Test,Surat,13,2025-11-15,2025-11-13
MPL - Night Cricket Tournament,Bhuj,11,2025-11-15,2025-11-13
Digambar Jain Yuva Box Cricket Tournament,Nagpur,10,2025-11-15,2025-11-13
IBPL,Sindhanur,11,2025-11-15,2025-11-13
Sahil 11,Gopalganj,11,2025-11-15,2025-11-13
Mpl Action,Medical College Ground Yadgir,15,2025-11-15,2025-11-13
SPLSeason 3,Silbori,15,2025-11-15,2025-11-13
BPL season :- 01,BardiyaJagir,12,2025-11-15,2025-11-13
Nagar Sevak chashak,Mumbai,13,2025-11-15,2025-11-13
TRACK HUB PREMIER LEAGUE SEASON 5,Aurangabad,7,2025-11-15,2025-11-13
Waddi t10,Mumbai,5,2025-11-15,2025-11-13
Ipl auction,Mumbai,25,2025-11-15,2025-11-13
FC Kabbinale Premier League,Kesaribail Ground,5,2025-11-15,2025-11-13
IPL Auction,KANPUR,11,2025-11-15,2025-11-13
KMG League 5,Bangalore,11,2025-11-15,2025-11-13
NPL,Unknown Location,13,2025-11-15,2025-11-13
Anavil cup 2026,Bilimora,13,2025-11-15,2025-11-13
SNPPPL,Nashik,10,2025-11-15,2025-11-13
Ssam,Nashik,10,2025-11-15,2025-11-13
RC CUP,Surat,7,2025-11-15,2025-11-13
Daredevils Premier League Season3 Auction,Bangalore,12,2025-11-15,2025-11-13
FPL S4 AUCTION,Unknown Location,6,2025-11-15,2025-11-13
Kpl,Vdp,10,2025-11-15,2025-11-13
Gpl auction,Kishani,12,2025-11-15,2025-11-13
Dayaghan chashak s-3,Players field,7,2025-11-15,2025-11-13
ABC,Kolkata,8,2025-11-15,2025-11-13
GPL auction,Bangalore,9,2025-11-15,2025-11-13
SDMLC PREMIER LEAGUE,Sea view,10,2025-11-15,2025-11-13
ECL,Etawah,3,2025-11-15,2025-11-13
CU&A cricket Tournament,Utsav Community Hall,15,2025-11-15,2025-11-13
MPL CRICKET AUCTION,Mugdara,11,2025-11-15,2025-11-13
ipl auction auction,Chennai,11,2025-11-15,2025-11-13
CPL,Channasandra,15,2025-11-15,2025-11-13
Dpl,Unknown Location,15,2025-11-15,2025-11-13
Shankar Nagar League,Asalpha,11,2025-11-15,2025-11-13
"100 Ball Cricket, Panchupali",Panchupali,15,2025-11-15,2025-11-13
JMSPL Auction,Jhowdanga,15,2025-11-15,2025-11-13
Elita premier league 6,Surat,11,2025-11-15,2025-11-13
Bhilai premier league,Bhilai,13,2025-11-15,2025-11-13
SPL auction,Sahakar sadan ground,9,2025-11-15,2025-11-13
MZ premium league,Udaipura,11,2025-11-15,2025-11-13
Ipl,Chennai,11,2025-11-15,2025-11-13
Kpl,Kalibari,10,2025-11-15,2025-11-13
Chennai super King,Chennai,11,2025-11-15,2025-11-13
ACL season 4,Visakhapatnam,12,2025-11-15,2025-11-13
KPL,Kalyan,11,2025-11-15,2025-11-13
Ipl,Unnao,16,2025-11-15,2025-11-13
Sanjay Choudhary,Bengalore,18,2025-11-15,2025-11-13
TCL GRAMIN,Tanodiya Tow,13,2025-11-15,2025-11-13
VPL,Valsad,11,2025-11-15,2025-11-13
SSJJ Cup 2026,Mulund,10,2025-11-15,2025-11-13
Roar T-20 Cricket League,Mumbai,18,2025-11-15,2025-11-13
BPL,Dubai,13,2025-11-15,2025-11-13
HARDI PREMIER LEAGUE,Sarangarh,15,2025-11-15,2025-11-13
Sopl,Kolkata,10,2025-11-15,2025-11-13
Chatikona Premier league,Chatikona cricket field,15,2025-11-15,2025-11-13
HARKANDIGE PREMIER LEAGUE,Udupi,9,2025-11-15,2025-11-13
नापाखेड़ा प्रीमियर लीग 2,Unknown Location,12,2025-11-15,2025-11-13
Bspl season 3,SARAIPALYA,12,2025-11-15,2025-11-13
PPL TOURNAMENT,Vadodara,6,2025-11-15,2025-11-13
EPPL SEASON 9,Pune,8,2025-11-15,2025-11-13
KPL Auction,Khandelwal mansion,7,2025-11-15,2025-11-13
Gully cricket,Dattawadi,8,2025-11-15,2025-11-13
Ipl auction,Roorkee Uttarakhand,6,2025-11-15,2025-11-13
Rakesh,Bengaluru,11,2025-11-15,2025-11-13
Dpl,Bengaluru,75,2025-11-15,2025-11-13
Kpl,Moodbidri,13,2025-11-15,2025-11-13
IPL,Unknown Location,2,2025-11-15,2025-11-13
WARDHA PREMIER LEAGUE,JAI MAHAKALI SHIKSHAN SANSTHA RAMNAGAR WARDHA,15,2025-11-15,2025-11-13
DMPL,Dinhata,11,2025-11-15,2025-11-13
IPL MINI AUCTION,Mumbai,11,2025-11-15,2025-11-13
Spl,Gty,12,2025-11-15,2025-11-13
FPL season 4,Kishore sporting or srijani play ground,5,2025-11-15,2025-11-13
RPL,Raver,11,2025-11-15,2025-11-13
Ipl,Bihar,11,2025-11-15,2025-11-13
Kpl,Katihar,6,2025-11-15,2025-11-13
Shahlam,Unknown Location,10,2025-11-15,2025-11-13
Avispl spartans,Bengaluru,16,2025-11-15,2025-11-13
Soaring Sixes Premier League - Season 8,Condor Carnations,11,2025-11-15,2025-11-13
Khakhari premier league,Khakhari,25,2025-11-15,2025-11-13
CPL plastic season 2,Chhotaudepur,7,2025-11-15,2025-11-13
Quad,Patna,15,2025-11-15,2025-11-13
Ipl auction,RCB,11,2025-11-15,2025-11-13
TGTPL Auction,Bangalore,6,2025-11-15,2025-11-13
Ipl,Arsikere,15,2025-11-15,2025-11-13
Vansh,Raipur,11,2025-11-15,2025-11-13
Yash,Nashik,8,2025-11-15,2025-11-13
Hyderabad Box Cricket Season 5,Hyderabad,11,2025-11-15,2025-11-13
KPL Auction,Unknown Location,17,2025-11-15,2025-11-13
PALASI PREMIER LEAGUE SEASON 2,Palasi Dak bangla maidan,16,2025-11-15,2025-11-13
IPL MOCK AUCTION,Chennai,2,2025-11-15,2025-11-13
Manuwa auction,Panchayat bhawan manuwa,11,2025-11-15,2025-11-13
Ipl,17,15,2025-11-15,2025-11-13
Kandla Complex Kshatriya Samaj Present Season-7,Gandhidham Kutch,15,2025-11-16,2025-11-13
IVKJPM CRICKET LEAGUE-2025,Ahmedabad,12,2025-11-16,2025-11-13
NPL session 1,Cricket club Nawadih,11,2025-11-16,2025-11-13
HPL SEASON 10,PUNE,15,2025-11-16,2025-11-13
BPL SEASON 2,Billerahalli,15,2025-11-16,2025-11-13
Saibaba Nagar Premier League (SPL) Season -5,Mumbai,9,2025-11-16,2025-11-13
Cyclones Challenger Trophy,Dubai,11,2025-11-16,2025-11-13
Lakhdikui auction,Lakhdikui,11,2025-11-16,2025-11-13
Dehli darbar session 1,Hotel dehli darbar,13,2025-11-16,2025-11-13
BPL Auction,Mumbai,10,2025-11-16,2025-11-13
Champion Of Champions -3,Kalna,14,2025-11-16,2025-11-13
Rpl session-5,Bhuj,13,2025-11-16,2025-11-13
KIDS IPL IN GODDA,Godda,25,2025-11-16,2025-11-13
Spl auction,G.s.s.s sugaliya jodha,5,2025-11-16,2025-11-13
Bbpl,Parasi,6,2025-11-16,2025-11-13
TPL,surat,4,2025-11-16,2025-11-13
NA Champions League,HOSANGADI,11,2025-11-16,2025-11-13
BATTLE OF TITANS (S-4),Gagren Shopian,6,2025-11-16,2025-11-13
CMPL session 1,Kozhikode,11,2025-11-16,2025-11-13
Weekend cup,Bengaluru,11,2025-11-16,2025-11-13
SUNDAY CRICKET,Umiya nagri cricket ground,11,2025-11-16,2025-11-13
Crescent premier league,Crescent park,3,2025-11-16,2025-11-13
CPL 8,252,5,2025-11-16,2025-11-13
SPL,Tangla AMIT home,3,2025-11-16,2025-11-13
JYC,Unknown Location,11,2025-11-16,2025-11-13
Godwad Premier league season 6,Ahmedabad,12,2025-11-16,2025-11-13
BPL AUCTION,Kolkata,4,2025-11-16,2025-11-13
VPL AUCTION,Patna,18,2025-11-16,2025-11-13
Tcup,Arogyadham Hall,10,2025-11-16,2025-11-13
Mayaganj premier league,Mayaganj madain,12,2025-11-16,2025-11-13
cpl8,abc,13,2025-11-16,2025-11-13
SPL,Mukhya kumar shala,3,2025-11-16,2025-11-13
Kids ipl,Mumbai,4,2025-11-16,2025-11-13
Mubarak premier league,Gangolli,9,2025-11-16,2025-11-13
Kannelli Premier League,Bangalore,20,2025-11-16,2025-11-13
APL 11,Bhuj,12,2025-11-16,2025-11-13
SSPL,Kalyan,5,2025-11-16,2025-11-13
Wpl,Yellapur,16,2025-11-16,2025-11-13
Bpl,Bpsg,14,2025-11-16,2025-11-13
RASHMI TURF LEAGUE,Star City turf,8,2025-11-16,2025-11-13
SPL,Tangla,4,2025-11-16,2025-11-13
U18 cricket turnament,Algat,12,2025-11-16,2025-11-13
Jain premier league 2025,Banswara,13,2025-11-16,2025-11-13
Bemetara primer leage,BEMETARA,15,2025-11-16,2025-11-13
DPL AUCTION,Bangalore,11,2025-11-16,2025-11-13
Mumbai Leauge,Mumbai,15,2025-11-16,2025-11-13
Super Sunday season 8,Karmawas maliyan,7,2025-11-16,2025-11-13
Zari Super League Season 1,Birla,12,2025-11-16,2025-11-13
OMPL SEASON-II,MALDA,15,2025-11-16,2025-11-13
BCF Season 14 Auction,Khurana traders,9,2025-11-16,2025-11-13
Kpl,Indoor stadium,13,2025-11-16,2025-11-13
RSPL,Kolkata,9,2025-11-16,2025-11-13
KALLUGUNDI CHAMPIONS LEAGUE SEASON 5,"Sampaje, madikeri, kodagu",11,2025-11-16,2025-11-13
KTCL-CHAMPIONSHIP season 1,Mighty Turf Kalwa,9,2025-11-16,2025-11-13
Vrundavan Premier League S-8,Chikhali,9,2025-11-16,2025-11-13
TAMIL PREMIER LEAGUE - 5,Lal maidan,11,2025-11-16,2025-11-13
Thonse premier League season VII,Dubai,12,2025-11-16,2025-11-13
IPL 2026 Mock Auction,Unknown Location,25,2025-11-16,2025-11-13
ACC 2026,Kolkata,8,2025-11-16,2025-11-13
ACC 2026,KOLKATA,9,2025-11-16,2025-11-13
APL SEASON 5,Vapi,12,2025-11-16,2025-11-13
Shastri Nagar Premier League,Bhiwandi,12,2025-11-16,2025-11-13
TABARAK PREMIER LEAGUE SEASON 1,Nandurbar,11,2025-11-16,2025-11-13
GPL ELITE,THEYK JUNCTION,9,2025-11-16,2025-11-13
ASHES MENS AUCTION,Amara Cricket Turf,9,2025-11-16,2025-11-13
BPL SEASON 6 auction,Unknown Location,10,2025-11-16,2025-11-13
SVCL-10 (2025-2026),Ahmedabad,11,2025-11-16,2025-11-13
ICL12,Club house,16,2025-11-16,2025-11-13
Turf Chaturvedi Premier League,Mumbai,11,2025-11-16,2025-11-13
SNPL,Thane,6,2025-11-16,2025-11-13
Maitri Chashak League,"Samna Maidan, Oshiwara, Mumbai",15,2025-11-16,2025-11-13
STADIUM CHAMPIONS LEAGUE 1,JOONR,10,2025-11-16,2025-11-13
GPL AUCTION,THEK JUNCTION,9,2025-11-16,2025-11-13
RSF TOURNAMENT 2025,Morbi,10,2025-11-16,2025-11-13
Ddk,Kolkata,8,2025-11-16,2025-11-13
UPcCL Auction,Lucknow,15,2025-11-16,2025-11-13
AMPL,Ajmera,13,2025-11-16,2025-11-13
PPL,Chennai,11,2025-11-16,2025-11-13
Gpl,20000,11,2025-11-16,2025-11-13
B.P.L,Agra,8,2025-11-16,2025-11-13
RPL SEASON 5,Ratdiya mota,13,2025-11-16,2025-11-13
Khandel,Khandel 1,6,2025-11-16,2025-11-13
DHANU MUSLIM PRIMER LEAGUE,Mumbai,8,2025-11-16,2025-11-13
Sunday match,Unknown Location,11,2025-11-16,2025-11-13
Bcci,Hyderabad,15,2025-11-16,2025-11-13
WOMENS CRICKET LEAGUE SEASON 1,Thane,10,2025-11-16,2025-11-13
Tpl,Goa,13,2025-11-16,2025-11-13
BRDPL,Akulshe,11,2025-11-16,2025-11-13
SHAH BOX CRICKET SEASON ONE,Jalgaon,7,2025-11-16,2025-11-13
Jpl 3,Phalodi,10,2025-11-16,2025-11-13
SPL Auction,"SM Bidyapitha, banara , Cuttack",15,2025-11-16,2025-11-13
VNPL 4 Auction,Mumbai,9,2025-11-16,2025-11-13
Mota ratdiya premium league,Mota ratdiya,14,2025-11-16,2025-11-13
BPL SEASON 6,Mumbai,10,2025-11-16,2025-11-13
Sky city premiere league,Aurangabad,10,2025-11-16,2025-11-13
Npl,2,7,2025-11-16,2025-11-13
VPL auction,Vindhane,14,2025-11-16,2025-11-13
MDPL Season 12,Charkop,11,2025-11-16,2025-11-13
RAMNATH,Rajkot,13,2025-11-16,2025-11-13
MCC Session 22,Hotal Tanu,11,2025-11-16,2025-11-13
Srijan sangha cricket tournament auction,Kuchiamora,11,2025-11-16,2025-11-13
Test1,Mumbai,9,2025-11-16,2025-11-13
KPL,Dubai,15,2025-11-16,2025-11-13
KPL,Koratapanga,11,2025-11-16,2025-11-13
Spl,Dantali,12,2025-11-16,2025-11-13
FPL 2025,Unknown Location,11,2025-11-16,2025-11-13
Test Tournament,Cafeteria,11,2025-11-16,2025-11-13
Baraigram rlygate,Baraigram,5,2025-11-16,2025-11-13
ICL Season 12,Clubhose - Godrej Infinity,14,2025-11-16,2025-11-13
Gangapur premiere league,Gangapur,13,2025-11-16,2025-11-13
VPL,Telangana medak,7,2025-11-16,2025-11-13
NAPL 3.0,Kolkata,10,2025-11-16,2025-11-13
PPL SEASON-2,Pachora,13,2025-11-16,2025-11-13
Tcpl 5,Mumbai,11,2025-11-16,2025-11-13
Sharwari premier league 2025,Pusad,15,2025-11-16,2025-11-13
14 gam samaj,ahmedabad,10,2025-11-16,2025-11-13
KPL-6 auction,Bhubaneswar,15,2025-11-16,2025-11-13
T10 WORLD CUP SEASON 2,NCC GROUND REWA,13,2025-11-16,2025-11-13
STADIUM CHAMPIONS LEAGUE S1,JunR,10,2025-11-16,2025-11-13
Park leguge,Mathura park,13,2025-11-16,2025-11-13
Ddk,Sakari para,8,2025-11-16,2025-11-13
Ypl,Surat,13,2025-11-16,2025-11-13
Ipl,Mi,12,2025-11-16,2025-11-13
MEWARA PREMIER LEAGUE - 10,Surat,12,2025-11-17,2025-11-13
RMPS PREMIER League,RMPS AMU CITY SCHOOL,11,2025-11-17,2025-11-13
"Talented legacy, Premier League season 5",Bangalore,12,2025-11-17,2025-11-13
Muslim premier league,Gopalganj,14,2025-11-17,2025-11-13
Elite tournament 2025,Pune,8,2025-11-17,2025-11-13
BTL 2026,Jagdalpur,15,2025-11-17,2025-11-13
Ukwa Premier League Auction,Ukwa,12,2025-11-17,2025-11-13
Nakoda cricket tournament,Zundal,7,2025-11-17,2025-11-13
Mpl,Mohegaon,15,2025-11-17,2025-11-13
PPL- seson 06,Parayil bazar,8,2025-11-17,2025-11-13
NPW Auction,Jaleswar,11,2025-11-17,2025-11-13
Shanti lal,Surat,12,2025-11-17,2025-11-13
Bagnadi premier league,Bagnadi,10,2025-11-17,2025-11-13
Monday Super Cup,Mira road,7,2025-11-17,2025-11-13
Kpl,Gogawan,8,2025-11-17,2025-11-13
NARSINGHPUR PREMIER LEAGUE,NARSINGHPUR,18,2025-11-18,2025-11-13
PVPL Season 2,Poonam Vista turf,5,2025-11-18,2025-11-13
K p l,Unknown Location,15,2025-11-18,2025-11-13
Desi ipl,Chapram,15,2025-11-18,2025-11-13
Daivadnya Premier League-2,belagavi,12,2025-11-18,2025-11-13
KPL Auction,Unknown Location,12,2025-11-18,2025-11-13
CPL,Dinhata,11,2025-11-18,2025-11-13
DPL SEASON - 5,MEMON HALL SURAT,12,2025-11-18,2025-11-13
FRIENDS SEASON 8,Pune,7,2025-11-18,2025-11-13
Night tournament,Tembekar,11,2025-11-18,2025-11-13
BIG BASH DHAMAKA SEASON - 3,Himatngar,11,2025-11-18,2025-11-13
Mpf pune west,Pune,11,2025-11-18,2025-11-13
MPL SEASON 2,BARDOLI,11,2025-11-18,2025-11-13
Jp fc,Mumbai,11,2025-11-18,2025-11-13
Sunday ground tournament,Ahmedabad,11,2025-11-18,2025-11-13
Infinx Premier League (IPL 2025) - Madurai,Madurai,14,2025-11-19,2025-11-13
QPL,BELUR,4,2025-11-19,2025-11-13
Mehsana cricket league,Mehsana,12,2025-11-19,2025-11-13
Lpl,Mumbai,6,2025-11-19,2025-11-13
Dpl Auction,Jaisalmer,11,2025-11-19,2025-11-13
APCL Cricket Auction,Bengaluru,15,2025-11-19,2025-11-13
Winter super league,Cabin ground bhanpuri,15,2025-11-19,2025-11-13
WPL mega Auction,Delhi,18,2025-11-19,2025-11-13
VISION PARIWAR VPL SEASON 8,Downtown Pune,12,2025-11-19,2025-11-13
SPL-AUCTION,Delhi,11,2025-11-19,2025-11-13
Cpl,Pharasgaon,11,2025-11-19,2025-11-13
Mahada Turf Premier League,Chandivali,10,2025-11-19,2025-11-13
Khandani IPL,Raebareli,18,2025-11-19,2025-11-13
Cpl 8,Bangalore,13,2025-11-19,2025-11-13
JFL LEAGUE S2,Nashik,6,2025-11-19,2025-11-13
Cpl,Banglore,12,2025-11-19,2025-11-13
Mol,Murdeshwar,15,2025-11-19,2025-11-13
Vamoos 2025,Mangalore,8,2025-11-19,2025-11-13
Spl season 8,Synnova pvt ltd.,15,2025-11-19,2025-11-13
Ipl,Unknown Location,11,2025-11-19,2025-11-13
KCPT,Hubballi,60,2025-11-19,2025-11-13
Ipl,Mumbai,11,2025-11-19,2025-11-13
Rsl,Ahmedabad,13,2025-11-19,2025-11-13
WINTER SUPER LEAGUE,CABIN GROUND BHANPURI,15,2025-11-19,2025-11-13
SSDN-2025,Sadrau Cricket Ground,15,2025-11-19,2025-11-13
KPL,Ujjain,8,2025-11-20,2025-11-13
Mega auction,Begusarai Bihar dhabauli,13,2025-11-20,2025-11-13
RPL AUCTION 2025,RASALPUR,15,2025-11-20,2025-11-13
Gpl,Kaushambi,11,2025-11-20,2025-11-13
Player auction,Bahaduri stadium of trees,5,2025-11-20,2025-11-13
Itasaran Premier League IPL S-3,Itasaran,14,2025-11-20,2025-11-13
Bilitentulia auction,Bilitentulia,15,2025-11-20,2025-11-13
Gully,Jamshedpur,3,2025-11-20,2025-11-13
DMPL,Mohammad pur,9,2025-11-20,2025-11-13
Bpl,Badodiya,11,2025-11-20,2025-11-13
KPL,Karara Ganj,15,2025-11-20,2025-11-13
R P L,Godhra,12,2025-11-20,2025-11-13
IDEAL CRICKET LEAGUE,Malnad Sullia,11,2025-11-20,2025-11-13
RPL AUCTION,RASALPUR,15,2025-11-20,2025-11-13
SOGAON PEEMEPRE LEAGUE,Sogaon,13,2025-11-20,2025-11-13
HagaribommanaHalli premier league,Karnataka,15,2025-11-20,2025-11-13
Spl,Mumbai,11,2025-11-20,2025-11-13
MALDA PRIMER,Malda,11,2025-11-20,2025-11-13
Cpl छितरी प्रिमियर लीग,Chhitari,15,2025-11-20,2025-11-13
Icl,Mumbai,11,2025-11-20,2025-11-13
Aatif auction,Aurangabad,11,2025-11-20,2025-11-13
Kid ipl,Gopalganj,5,2025-11-20,2025-11-13
KPL auction,kakol,11,2025-11-20,2025-11-13
Lalbaug Premier League,Lalbaug,15,2025-11-20,2025-11-13
TaTa MYIPL,Mumbai,11,2025-11-20,2025-11-13
Balaji premier league,Unknown Location,10,2025-11-20,2025-11-13
Purpura primyer liege,Putpura,15,2025-11-20,2025-11-13
Ppl,Unknown Location,13,2025-11-20,2025-11-13
IPL AUCTION,Mumbai,20,2025-11-20,2025-11-13
RUPESH KUMAR,Bihar,11,2025-11-20,2025-11-13
Lpl,Bhawanipatna,12,2025-11-20,2025-11-13
Apl,Akhnoor,11,2025-11-20,2025-11-13
Rajendra Nagar,Hyderabad,12,2025-11-20,2025-11-13
Shanawaj ali,8,11,2025-11-20,2025-11-13
Lunawa football team,Lunawa,15,2025-11-20,2025-11-13
Dpl,Dundage,11,2025-11-20,2025-11-13
CricMania :- Chapter 4,Hhh,17,2025-11-20,2025-11-13
Mini ipl,Tilkai,12,2025-11-20,2025-11-13
Ipl auction,Mumbai,15,2025-11-20,2025-11-13
Champion league T10,Cricket ground,17,2025-11-20,2025-11-13
Bpl,Bhati,15,2025-11-20,2025-11-13
Champions cup auction,Sadra,13,2025-11-20,2025-11-13
APL,kundapura,11,2025-11-20,2025-11-13
Bol,Sam resorts,8,2025-11-20,2025-11-13
IPL,Bengaluru,25,2025-11-20,2025-11-13
SSPL Gadra Road,Gadra road,15,2025-11-20,2025-11-13
Pipla Primier League,Pipla,12,2025-11-20,2025-11-13
Apl,Pune,11,2025-11-20,2025-11-13
La guerra,Unknown Location,3,2025-11-20,2025-11-13
MUSLIM CHAMPION TROPHY,BHARUCH,18,2025-11-20,2025-11-13
Bagderi premier league,Bagderi,13,2025-11-20,2025-11-13
SPPL,Shishabari,9,2025-11-20,2025-11-13
MPL 2025,Chalisgaon,9,2025-11-20,2025-11-13
WWE,Baragaon,4,2025-11-20,2025-11-13
GPL,Prayagraj,11,2025-11-20,2025-11-13
Pali premier league,Pali Rajasthan,11,2025-11-20,2025-11-13
DPL,Eva,10,2025-11-20,2025-11-13
KPL6,All,15,2025-11-20,2025-11-13
SAMADHI PREMIER LEAGUE - 21,BABA GARIBDAS GROUND,7,2025-11-20,2025-11-13
Kids IPL,Rewa,15,2025-11-20,2025-11-13
TW Premier League Season 3,TW Board Room,11,2025-11-21,2025-11-13
Sanpa tap ball cricket tournament,Sanpa cricket ground,13,2025-11-21,2025-11-13
Ipl auction,Bengalaru,25,2025-11-21,2025-11-13
Skyhigh Premier League,Skyhigh,5,2025-11-21,2025-11-13
MTPL,Ahmedabad,15,2025-11-21,2025-11-13
IPL Match,Chakiya,11,2025-11-21,2025-11-13
Veterans cricket,Unknown Location,13,2025-11-21,2025-11-13
RPL,Raoti,11,2025-11-21,2025-11-13
PPL 2026,Mumbai,13,2025-11-21,2025-11-13
Dpl,Lasur gaon,14,2025-11-21,2025-11-13
MHADA league,Mumbai,11,2025-11-21,2025-11-13
Hello,Surat,15,2025-11-21,2025-11-13
Bpl,Gujarat,11,2025-11-21,2025-11-13
D aadil,Bihar,4,2025-11-21,2025-11-13
INTER:TALOKDAR BARI CRIKET TOURNAMENT-2025-SEASSION-2,Unknown Location,11,2025-11-21,2025-11-13
Hcc,Mumbai,9,2025-11-21,2025-11-13
CKPL - 1,Chitrada,13,2025-11-21,2025-11-13
Candeur Premier League,Anjana Cricket Ground,15,2025-11-21,2025-11-13
Uspl,Udali,13,2025-11-21,2025-11-13
Jpl,Aba,11,2025-11-21,2025-11-13
Halari overarm league,Mumbai,12,2025-11-21,2025-11-13
CSPL,GIT,15,2025-11-21,2025-11-13
DPL AUCTION,Jalgaon,7,2025-11-22,2025-11-13
RNPL,Naahik,10,2025-11-22,2025-11-13
Gpl,Delhi,11,2025-11-22,2025-11-13
Muslim premier league 2025,Chalisgaon,9,2025-11-22,2025-11-13
PMPL SEASON 4,Pachpadra,15,2025-11-22,2025-11-13
Bans,Unknown Location,8,2025-11-22,2025-11-13
PPL SESSION 6,PPL,13,2025-11-22,2025-11-13
GPL auction,Mumbai,6,2025-11-22,2025-11-13
PPL,Unknown Location,11,2025-11-22,2025-11-13
HPL 9.0,Mumbai,9,2025-11-22,2025-11-13
Bihar premier league,Kolkata,22,2025-11-22,2025-11-13
HHPL 2026,Unknown Location,9,2025-11-22,2025-11-13
SFCL SEASON 15 AUCTION,Malda,11,2025-11-22,2025-11-13
MPL,Murdeshwar,14,2025-11-22,2025-11-13
Indraprastha premier league,Unknown Location,6,2025-11-22,2025-11-13
T P L SEASON 3,Primary school,12,2025-11-22,2025-11-13
RAHAM KHAN premium league,RAHAM KHAN ground,15,2025-11-22,2025-11-13
DAHOD PREMIER LEAGUE,DAHOD,13,2025-11-22,2025-11-13
Elite Premier League,Pune,6,2025-11-22,2025-11-13
Hcpl,Noida,13,2025-11-22,2025-11-13
eFootbal Auction lite,Howrah,5,2025-11-22,2025-11-13
MPL,Mishra para,6,2025-11-22,2025-11-13
Bcl,Mumbai,4,2025-11-22,2025-11-13
Cricket clash season~1,Ahmedabad,6,2025-11-22,2025-11-13
Shree boys sarvjanik utsav mandal,Bhayander east,11,2025-11-22,2025-11-13
Upl,Mumbai,6,2025-11-22,2025-11-13
SSPL,Unknown Location,20,2025-11-22,2025-11-13
UPL-SEASON5,Bangalore,13,2025-11-22,2025-11-13
DPL Auction,Morbi,12,2025-11-23,2025-11-13
DUBRIKANDI PREMIER LEAGUE,Swadhin bazar high school,14,2025-11-23,2025-11-13
TUKDA PREMIER LEAGUE,Surat,12,2025-11-23,2025-11-13
MCPL WINTER CUP 2025,MCPL CRICKET GROUND,13,2025-11-23,2025-11-13
Apl,Gujarat,11,2025-11-23,2025-11-13
Royal premier league (RPL),Hyderabad,12,2025-11-23,2025-11-13
Dharamdhari Rajpurohit Premier League (1),Gajanmata rajpurohit dharamdhari ground,16,2025-11-23,2025-11-13
SPL,Unknown Location,9,2025-11-23,2025-11-13
MBPL,Sananauput,16,2025-11-23,2025-11-13
AMPL,Unknown Location,13,2025-11-23,2025-11-13
Pul Prahladpur premier league season 8,Delhi,11,2025-11-23,2025-11-13
Abcd box,Bhuj,6,2025-11-23,2025-11-13
BMPL AUCTION,Mumbai,6,2025-11-23,2025-11-13
ppl -5,mumbai,13,2025-11-23,2025-11-13
GPL-03,Gollarahosahalli,14,2025-11-23,2025-11-13
SPL 10,Surat,12,2025-11-23,2025-11-13
DPL,Dalkhola,11,2025-11-23,2025-11-13
Odisha Super League,Bangalore,15,2025-11-23,2025-11-13
Byamsomathy Auction,Kolkata,7,2025-11-23,2025-11-13
Kpl,KHAJURA,15,2025-11-23,2025-11-13
BPL,BANDRA,10,2025-11-23,2025-11-13
Aces Intra-Squad Auction,DPS Ground,7,2025-11-23,2025-11-13
L2R Cricket Tournament,Kolkata,8,2025-11-23,2025-11-13
ppl,mumbai,12,2025-11-23,2025-11-13
Rpl,Karnataka,11,2025-11-23,2025-11-13
Npl,Surat,13,2025-11-23,2025-11-13
MSDA CUP,Midnapore sports development academy,16,2025-11-23,2025-11-13
Members Cup,Sundia Math,5,2025-11-23,2025-11-13
CHHINDGARH PREMIER LEAGUE SEASON-2 PLAYER AUCTION 2025,Chhindgarh,15,2025-11-23,2025-11-13
KPL,Vansda,11,2025-11-23,2025-11-13
CCL,NCH COLONY,15,2025-11-23,2025-11-13
Kurul Premier League,Kurul Alibag,15,2025-11-23,2025-11-13
CLASH OF CLANS,bhopal,13,2025-11-23,2025-11-13
Gpl,Gk,10,2025-11-23,2025-11-13
CPL-10,V4u turf Nahur west,11,2025-11-23,2025-11-13
MPL 2026,Kolkata,9,2025-11-23,2025-11-13
IPL AUCTION,Mumbai,11,2025-11-23,2025-11-13
Spl 2,Kalher,12,2025-11-23,2025-11-13
Ipl auction,Gandhidham,11,2025-11-23,2025-11-13
Earth Premier League S13,Earth Residency,9,2025-11-23,2025-11-13
Surya,Farookhabad,1,2025-11-23,2025-11-13
MPL 2026,V play,9,2025-11-23,2025-11-13
SPL 2026,Shantinagar,8,2025-11-23,2025-11-13
Kolkata Cricket League,Goabagan park cit park,10,2025-11-23,2025-11-13
Ipl auction,Dubai,15,2025-11-23,2025-11-13
IPL-2025,Itadhiya,14,2025-11-23,2025-11-13
Kpl season-3,Udaipur Rajasthan,13,2025-11-23,2025-11-13
Bpl xii,Betnoti,16,2025-11-23,2025-11-13
NPL AUCTION,Nadanghat,15,2025-11-23,2025-11-13
MPL SEASON 1,Nandurbar,11,2025-11-23,2025-11-13
Chaudhary Premier League,Anand,11,2025-11-23,2025-11-13
SHARIF,Vijayapura,2,2025-11-23,2025-11-13
शारंग चषक,कोल्हापूर,7,2025-11-23,2025-11-13
GPL-01,Vijayapur,13,2025-11-23,2025-11-13
Sudkoli Premier league 2025,"Sudkoli, Alibaug",12,2025-11-23,2025-11-13
Cpl,Mumbai,11,2025-11-23,2025-11-13
Dheeraj Ratanpura,Daboh,16,2025-11-23,2025-11-13
Muslim Premier League Season 5,Kognoli,15,2025-11-24,2025-11-13
Daksh IPL auction,Gujarat,11,2025-11-24,2025-11-13
Malik,Mumbai,11,2025-11-24,2025-11-13
Kalyan premier league,Subhash Maidan maratha hall,14,2025-11-24,2025-11-13
Justo Premier league Season 2,Pune,7,2025-11-24,2025-11-13
Testing (F-Pay),Amravati,8,2025-11-24,2025-11-13
Bpl,Belgaum,13,2025-11-24,2025-11-13
Infinx Premier League (IPL 2025) - Mumbai,Mumbai,14,2025-11-25,2025-11-13
RSA LEAGUE SEASON 3,RSA HEAD QUARTER,13,2025-11-25,2025-11-13
Barabanki white ball Corporate cricket league In memory of Late shareef salmani.,Barabanki,16,2025-11-25,2025-11-13
LPL Season 4 Auction,"GCDA Stadium, Thoppumpady",13,2025-11-25,2025-11-13
Arohan,Unknown Location,30,2025-11-25,2025-11-13
MPL,Sehore,11,2025-11-25,2025-11-13
CPL Season - 1,U.Rajapura,15,2025-11-25,2025-11-13
Mpl,Sport club Motihari,11,2025-11-25,2025-11-13
Ipl auction,RR,11,2025-11-25,2025-11-13
RCC SEASON 16,Jaipur,5,2025-11-25,2025-11-13
Campus cup,Warud,12,2025-11-25,2025-11-13
SBPL,Raipur,11,2025-11-25,2025-11-13
MPL,SEHORE,12,2025-11-25,2025-11-13
JPL,Jateswar,13,2025-11-25,2025-11-13
DPL SEASON 2,Danagram,12,2025-11-25,2025-11-13
PI WAVE Auction,Delhi,12,2025-11-26,2025-11-13
Spl,Ghaziabad,11,2025-11-26,2025-11-13
Unity Cup,Valsad,12,2025-11-26,2025-11-13
DPL2025,Dantan,15,2025-11-26,2025-11-13
Barwara premiere league,Chauth ka barwada,15,2025-11-26,2025-11-13
Trail,Shirgaon,16,2025-11-26,2025-11-13
GPL,Unknown Location,14,2025-11-26,2025-11-13
Bilthai Premier league,Panisagar,15,2025-11-26,2025-11-13
DHA AUCTION,Mumbai,20,2025-11-27,2025-11-13
Hdudjdjs,Surat,12,2025-11-27,2025-11-13
S d,Ambajogai,10,2025-11-27,2025-11-13
Gpl,Tarapur,11,2025-11-27,2025-11-13
Bijay hajare trophy,Nabaghanti green tower,13,2025-11-27,2025-11-13
IPL Auction,Unknown Location,11,2025-11-27,2025-11-13
Tata ipl,Dubai,15,2025-11-27,2025-11-13
CPL_03,NB-52,4,2025-11-27,2025-11-13
PPL,Pune,13,2025-11-27,2025-11-13
QUADRA CUP 10.0,ahmedabad,8,2025-11-27,2025-11-13
TADAS Champion league 💥,TADAS,11,2025-11-27,2025-11-13
Apl,Agra,16,2025-11-27,2025-11-13
Ipl auction,Mumbai,11,2025-11-27,2025-11-13
spl 11,surat,8,2025-11-27,2025-11-13
Ideal premier league,Sirsaganj,13,2025-11-27,2025-11-13
Shayan premier league,Lords turf,11,2025-11-27,2025-11-13
SCPL 2025,Unknown Location,10,2025-11-27,2025-11-13
Gully boys,Fisherman colony cricket ground,9,2025-11-27,2025-11-13
wedfa,Unknown Location,4,2025-11-27,2025-11-13
GSA Premier League (Season-2),Gajendragad,14,2025-11-28,2025-11-13
Rpl Auction,Baduwatta ground,11,2025-11-28,2025-11-13
Ypl,Surat,11,2025-11-28,2025-11-13
UIPL SEASON 2,SV POWER PLAY ZONE,8,2025-11-28,2025-11-13
Memon Premier League,AR,8,2025-11-28,2025-11-13
Mmm,Nashik,12,2025-11-28,2025-11-13
Mayal Premier League,Mayal,12,2025-11-28,2025-11-13
VIKRAMPUR PREMIER LEAGUE 2025,Dindori,16,2025-11-28,2025-11-13
Hpl,Haripura,11,2025-11-28,2025-11-13
Apple Hospital Presents MCL Season 3,Burhanpur,13,2025-11-28,2025-11-13
ME auction,Ichlakarnji,15,2025-11-28,2025-11-13
Scl,Sanguem,11,2025-11-28,2025-11-13
AL BARAHA PREMIER LEAGUE,Dubai,7,2025-11-28,2025-11-13
Ipl,Csk,4,2025-11-28,2025-11-13
BPL 3,Rajasthan,12,2025-11-28,2025-11-13
Tpl,Hospet,15,2025-11-28,2025-11-13
JPL 10,Dehradun,15,2025-11-28,2025-11-13
Kpl,Office,12,2025-11-28,2025-11-13
Big basg,Mumbai,15,2025-11-28,2025-11-13
Mpl Auction,Unknown Location,10,2025-11-29,2025-11-13
SUBHASH TEKDI PREMIER LEAGUE SEASON 9,ULHASNAGAR,13,2025-11-29,2025-11-13
DPL - 2026,Unknown Location,12,2025-11-29,2025-11-13
Royal cup season4,Midnight hotel sachin,9,2025-11-29,2025-11-13
MPL season 18 Arla,Taluka panchayat kacheri,12,2025-11-29,2025-11-13
Ppl,Gawandri,9,2025-11-29,2025-11-13
HPL Auction 2025,Surat,8,2025-11-29,2025-11-13
Cricket account,Indore,18,2025-11-29,2025-11-13
Bpl,Modanganj,8,2025-11-29,2025-11-13
Kpl,Mumbai,10,2025-11-29,2025-11-13
BOX CRICKET LEAGUE SEASON 10,Godhra,11,2025-11-29,2025-11-13
Hol,Unknown Location,8,2025-11-29,2025-11-13
Scc,Thane,10,2025-11-29,2025-11-13
APL Auction 2025-2026,Mumbai,12,2025-11-29,2025-11-13
Kpl,Bamungram,14,2025-11-29,2025-11-13
RKPL 3,RK Comman plot,8,2025-11-29,2025-11-13
Nirmal prilemier LEAGUE 2,Ntr mini stadium,13,2025-11-29,2025-11-13
TGPL,Mumbai,11,2025-11-29,2025-11-13
Sahu samaj,Babylon,15,2025-11-29,2025-11-13
RPL 2026,Mumbai,100,2025-11-29,2025-11-13
Hardik pandaya,Gujrati,1,2025-11-29,2025-11-13
MCC Cup Season 3,Shivamogga,10,2025-11-29,2025-11-13
IPL AUCTION,Kulgam mini stadium,11,2025-11-29,2025-11-13
KPL 2025,Kaniyoor,14,2025-11-29,2025-11-13
Dpl season 4,Daboh,16,2025-11-30,2025-11-13
Surhi premier league session 2,Gupta Dhaba,11,2025-11-30,2025-11-13
EPL - 5,Eklaspur,14,2025-11-30,2025-11-13
Trivianz Xmas Cup 2025,Trivandrum,4,2025-11-30,2025-11-13
Dalgaon Premier League Season 4,Dalgaon,13,2025-11-30,2025-11-13
SPG Cricket Auction Practice,Mumbai,7,2025-11-30,2025-11-13
Jay shardha premier league 2025,Jay shardha cricket ground,8,2025-11-30,2025-11-13
Testing New,"B-5 , ઓમ સત્યમ સોસાયટી, સન્ડે એવન્યુની બાજુમાં, આંબાતલાવડી, કતારગામ ,સુરત.",12,2025-11-30,2025-11-13
RPL,Bhiwandi,11,2025-11-30,2025-11-13
MPL,Harapanahalli,13,2025-11-30,2025-11-13
Spl session 2 2025,Petlad,12,2025-11-30,2025-11-13
MSPL-3,Vadodara,12,2025-11-30,2025-11-13
JPL,Delhi,7,2025-11-30,2025-11-13
Npl,Nawatand ground stage,14,2025-11-30,2025-11-13
Sherpura premier league,Bikaner,10,2025-11-30,2025-11-13
FPL,Fatehpur,15,2025-11-30,2025-11-13
DESANDA PREMIER LEAGUE (DPL),Kharagpur,13,2025-11-30,2025-11-13
MPL,Mahoba,15,2025-11-30,2025-11-13
Khambeswaripali Premier League,Unknown Location,17,2025-11-30,2025-11-13
Turf cricket tournament Season 3,Playfit Arena Silchar,8,2025-11-30,2025-11-13
BOXT20,Lower Parel,11,2025-11-30,2025-11-13
Mpl,Jajmau Kanpur,5,2025-11-30,2025-11-13
ANPL,Gorakhpur,9,2025-11-30,2025-11-13
Fun way,Gujarat,20,2025-11-30,2025-11-13
Spl,banjad m,8,2025-11-30,2025-11-13
DPL,DFUSC,13,2025-11-30,2025-11-13
JANKIA PREMIER LEAGUE 2025,JANKIA mini stadium,15,2025-11-30,2025-11-13
MPL AUCTION 2025,Malkapur,11,2025-11-30,2025-11-13
Kpl,Deeam hotel,15,2025-11-30,2025-11-13
BPL ACTION,BHADVIREL ROYAL,15,2025-11-30,2025-11-13
NaMo cup,Unknown Location,13,2025-11-30,2025-11-13
Shivkrupa premier league,Ghatkopar,12,2025-11-30,2025-11-13
Sky64,Delhi,11,2025-11-30,2025-11-13
ITAPUKUR PREMIERE LEAUGE (I. P. L),PURBASHA CLUB,12,2025-11-30,2025-11-13
JTPL-2025-26(SEASON -2.0 ),Jindighi,14,2025-11-30,2025-11-13
Mpl Auction,Bablu Store,6,2025-11-30,2025-11-13
Mpl-2,Gudamalani,13,2025-11-30,2025-11-13
TSPL,Talwandi Sabo,13,2025-11-30,2025-11-13
Ipl,Mumbai,25,2025-11-30,2025-11-13
Inter Aryan's,Bavdhan,16,2025-11-30,2025-11-13
BHPL S-02,Unknown Location,9,2025-11-30,2025-11-13
PILANIA'S CRICKET LEAGUE AUCTION,Unknown Location,11,2025-11-30,2025-11-13
BPL,Unknown Location,12,2025-11-30,2025-11-13
AHP BIG BASH League: Season - 2,AHP Mini theatre,9,2025-11-30,2025-11-13
Fpl 4,Bhayandar,10,2025-11-30,2025-11-13
Riddhi Siddhi premier league,Riddhi Siddhi apartment,6,2025-11-30,2025-11-13
SPL 4,Rajnandgaon,12,2025-11-30,2025-11-13
Marudhar premier league,Ratnagiri,13,2025-11-30,2025-11-13
MDPL,Mumbai,8,2025-11-30,2025-11-13
सत्वाची माऊली चषक 2026,Sewree,11,2025-11-30,2025-11-13
NCL 2025,Nirankal,14,2025-11-30,2025-11-13
Shree parshuram premium league,Mumbai hiranandani,7,2025-11-30,2025-11-13
Mpl season 2,Mamidipalem,15,2025-11-30,2025-11-13
KPL-2026,Kakadmati,11,2025-11-30,2025-11-13
Hostel Champions League Auction,Hostel,16,2025-11-30,2025-11-13
G p l session 02,Galonda,15,2025-11-30,2025-11-13
mpL,Uttar pardesh,11,2025-11-30,2025-11-13
CRICKET CARNIVAL,Unknown Location,10,2025-11-30,2025-11-13
Star boys Premier League,Sadra,16,2025-11-30,2025-11-13
IPL MINI MOCK AUCTION,Chennai,25,2025-11-30,2025-11-13
RCPL,Etah,11,2025-11-30,2025-11-13
BCL,Bora taitanic,13,2025-11-30,2025-11-13
OKC Champions League 2026,Mumbai,13,2025-11-30,2025-11-13
Mcc S2,Jujuti,11,2025-11-30,2025-11-13
S s group,Lokhandwala,12,2025-11-30,2025-11-13
KJCL,Desamangalam kattuvattur,10,2025-11-30,2025-11-13
MPL Season 9,Pune,9,2025-11-30,2025-11-13
Apl,Jalgaon,12,2025-11-30,2025-11-13
K G K,Ahmedabad,24,2025-11-30,2025-11-13
Player Auction,Mumbai,11,2025-11-30,2025-11-13
MDPL U18 AUCTION 2025,Lonavala,12,2025-11-30,2025-11-13
Ypl,Unknown Location,10,2025-11-30,2025-11-13
KPL,Karad,6,2025-11-30,2025-11-13
test,mumbai,11,2025-11-30,2025-11-13
Cricket auction,Tower,5,2025-11-30,2025-11-13
Lilongwe Premier League,Lilongwe,11,2025-11-30,2025-11-13
MOCL,Kalyan,12,2025-11-30,2025-11-13
Ipl,Unknown Location,1,2025-11-30,2025-11-13
MPL Auction,Mahabbat,10,2025-11-30,2025-11-13
Mpl,Ghb,5,2025-11-30,2025-11-13
Pali premier league,Pali Rajasthan,10,2025-11-30,2025-11-13
🏏Jambhulwadi-kolewadi premier League🏏,"Pune, jambhulwadi",8,2025-11-30,2025-11-13
Cpl,Unknown Location,12,2025-11-30,2025-11-13
RPL,Mumbai,11,2025-11-30,2025-11-13
MBN AUCTION,"Rohini, Delhi",30,2025-12-01,2025-11-13
Prajapat premier league,Kakani Jodhpur,15,2025-12-01,2025-11-13
JPL,Jalloki 6RB,12,2025-12-01,2025-11-13
Ambe prime league,Ambe green city,5,2025-12-01,2025-11-13
"आमचा चॅम्पियन चषक २०२६, पर्व १३वे",Veer savarkar ground,11,2025-12-01,2025-11-13
BKPL session 2,Gandhinagar,13,2025-12-01,2025-11-13
BPL,Surat,8,2025-12-01,2025-11-13
شپگیزه کرکت پریمیر لیگ,هرات,10,2025-12-01,2025-11-13
KLC,Unknown Location,6,2025-12-01,2025-11-13
Ipl,Mumbai,11,2025-12-01,2025-11-13
PPL,Surat,11,2025-12-01,2025-11-13
PPL,Pandalur,12,2025-12-01,2025-11-13
જાગીદાર દરબાર સમાજ બનાસકાંઠા સીઝન 2,Palanpur,11,2025-12-01,2025-11-13
SCPL-2025,Bhopal,8,2025-12-01,2025-11-13
AVentertainment cup,Vadodara,15,2025-12-01,2025-11-13
MPL,Vyara,12,2025-12-01,2025-11-13
UIPL SEASON 2,Anantapur,8,2025-12-01,2025-11-13
U25 BHIWANDI PREMIER LEAGUE,Unknown Location,15,2025-12-01,2025-11-13
29GCPL Season 3,29GC Clubhouse,7,2025-12-01,2025-11-13
kpl,daman,15,2025-12-01,2025-11-13
Abc,Bathinda,17,2025-12-01,2025-11-13
GPL SEASON 4,Gullapur,14,2025-12-02,2025-11-13
Banbarad Premier League,Banbarad,13,2025-12-02,2025-11-13
SSCL PLAYER AUCTION,MECHOGRAM,7,2025-12-02,2025-11-13
BBL - 4,Rajgarh,13,2025-12-02,2025-11-13
NCC LEAGUE,Virar,11,2025-12-03,2025-11-13
Yusufpur Mohammadabad Primium League,Yusufpur Mohammadabad,15,2025-12-03,2025-11-13
DPL S4 Auction,Dakewadi,15,2025-12-04,2025-11-13
KERALA DHAMAKA,Kuwait,13,2025-12-04,2025-11-13
I10 Auction,Janta colony,6,2025-12-04,2025-11-13
Gpl,Gundwal,6,2025-12-05,2025-11-13
Tpl,Telakote,11,2025-12-05,2025-11-13
Spl season 2,Sky turf,14,2025-12-05,2025-11-13
CPL SESSION- 3,Nanivahiyal,11,2025-12-05,2025-11-13
Spl,Surat,8,2025-12-05,2025-11-13
Spl,Jaipur,8,2025-12-05,2025-11-13
Lpl,Lawar,15,2025-12-05,2025-11-13
Apl auction,Karnataka,10,2025-12-06,2025-11-13
TILLYRIEN PREMIER LEAGUE- 2026,Kishan The Graphical Designer,10,2025-12-06,2025-11-13
PBCL S4,Mumbai,10,2025-12-06,2025-11-13
MRPL 4,Navsari,14,2025-12-06,2025-11-13
LELP 2026,Mumbai,11,2025-12-06,2025-11-13
MCC MPL 2025- 26,MCC ghala,12,2025-12-06,2025-11-13
Jpl auction,Mumbai,8,2025-12-06,2025-11-13
Mukhiya Gramin primer league,Kapadvanj,15,2025-12-06,2025-11-13
CPL SEASON 7,Mumbai,11,2025-12-06,2025-11-13
JOGESHWARI PEREMIER LEAGUE SEASON 2,JES Ground,12,2025-12-06,2025-11-13
RPL,Unknown Location,12,2025-12-06,2025-11-13
PPL,Panchgram,15,2025-12-06,2025-11-13
SPL 2025-26,Unknown Location,15,2025-12-06,2025-11-13
OSR PREMIER LEAGUE SEASON 4,Unknown Location,8,2025-12-06,2025-11-13
JPL Season -2,Dhamangaon,8,2025-12-06,2025-11-13
JPL Season 2,Dhamangaon,8,2025-12-06,2025-11-13
IIA CSN - Just Baths premiere league,Unknown Location,10,2025-12-07,2025-11-13
OTAVWADI AUCTION 2026,OTAVWADI,12,2025-12-07,2025-11-13
Ctl auction,Balotra,9,2025-12-07,2025-11-13
CPL SEASON5,"Market Yard, Chimanaguntapally",14,2025-12-07,2025-11-13
Apl auction,Alampur,15,2025-12-07,2025-11-13
KPL SEASON 5,Kottadmakki,12,2025-12-07,2025-11-13
SSL,Madhuvan school,11,2025-12-07,2025-11-13
WARRIORS CRICKET LEAGUE,Sylhet,25,2025-12-07,2025-11-13
HPL,Hindisakatte,13,2025-12-07,2025-11-13
Rpl auction,Mumbai,9,2025-12-07,2025-11-13
SBSPL-3,Navsari,15,2025-12-07,2025-11-13
IPL MOCK AUCTION,Delhi,18,2025-12-07,2025-11-13
KPL SEASON 2,Kamalpur,13,2025-12-07,2025-11-13
Nandighat Premier league(season-2),Nandighat Sporting Union Club,15,2025-12-07,2025-11-13
EGVPL SEASON 6,EGV OLD CLUB HOUSE,10,2025-12-07,2025-11-13
Doddabanahalli Premier League season 3,Anil Gowda farmhouse DBL,12,2025-12-07,2025-11-13
Samast Bhavsar Samaj Premier league,Navsari,15,2025-12-07,2025-11-13
SPL auction,Kanpur,15,2025-12-07,2025-11-13
PPL,PUNNAD,12,2025-12-07,2025-11-13
Pickleball Season 2,Belgrame Stadium,10,2025-12-07,2025-11-13
DPL 2026 Kolkata Auction,"Maharshi Dadhichi Bhawan, Kolkata",11,2025-12-07,2025-11-13
Mpl5,Khel stadium Didwana,11,2025-12-07,2025-11-13
DPL -1.0,Trif -Howrah,11,2025-12-07,2025-11-13
Bcl,Sportsvilla,13,2025-12-07,2025-11-13
NAMRUP STATION PREMIER LEAGUE,Namrup,15,2025-12-07,2025-11-13
CBPL-9,Kolkata,4,2025-12-07,2025-11-13
TADIL PREMIER LEAGUE,Unknown Location,11,2025-12-07,2025-11-13
PCL season 6,Cricato Jahangirpura surat,7,2025-12-07,2025-11-13
Slum gang,Dwarka sector 3,12,2025-12-07,2025-11-13
GNP1 Cricket Association-2026,"Blue Moon Club, MiraRoad East",13,2025-12-07,2025-11-13
Mini DPL,Ahmedabad,12,2025-12-07,2025-11-13
BPl session 2,Unknown Location,8,2025-12-07,2025-11-13
Lawa Premier League,LAWA,20,2025-12-07,2025-11-13
Hirri Cup,Hirri Saranagrh,20,2025-12-07,2025-11-13
PURI T20 LEAGUE,Puri,18,2025-12-08,2025-11-13
KG Q4 Auction,Unknown Location,7,2025-12-08,2025-11-13
UPL,GUJARAT,11,2025-12-08,2025-11-13
MoneyQuest CNPL 2.0 Mini Auction,CANBERRA,17,2025-12-09,2025-11-13
APL COFFEE CUP SEASON 3,Karagoor home stay,13,2025-12-09,2025-11-13
Ipl,Mumbai,25,2025-12-09,2025-11-13
Raghavi samaj premier league S-2 2025,Katol,15,2025-12-09,2025-11-13
DCA Champions league,Dickoya,13,2025-12-10,2025-11-13
GNPL Auction,Durgapur,11,2025-12-10,2025-11-13
Bamundi cricket league,Bamundi,11,2025-12-10,2025-11-13
Ipl auction,Thane,14,2025-12-10,2025-11-13
Bpl,Aurangabad,8,2025-12-10,2025-11-13
Rpl auction 2026,Ahmedabad,16,2025-12-10,2025-11-13
Bpl,Bichhua,10,2025-12-10,2025-11-13
Gkk premier league,Ganga ka khera mandal,12,2025-12-10,2025-11-13
RPL S4,Rahmat Nagar Cricket Ground,11,2025-12-10,2025-11-13
GPL 4,Narepark Maidan,11,2025-12-10,2025-11-13
Dpl auction dhakalgoan,Dhakalgoan,15,2025-12-10,2025-11-13
"BRPL,PUR",Bhilwara,13,2025-12-10,2025-11-13
RMD Premier League,RMD CARS AMBIKAPUR,15,2025-12-10,2025-11-13
MPL -2,Savli,20,2025-12-10,2025-11-13
PPL-1,Samaj bhawan Hall,15,2025-12-11,2025-11-13
SPL Auction,Mumbai,10,2025-12-11,2025-11-13
MPL,Mumbai,11,2025-12-11,2025-11-13
CSJ Champions league Jamkhed,Jamkhed,11,2025-12-12,2025-11-13
BPL 2025,Delhi,11,2025-12-12,2025-11-13
Old Delhi Championship Auction,Delhi,16,2025-12-12,2025-11-13
Shrawal Premier League 2026,"Khost,Sabari,Sahra Villge",18,2025-12-12,2025-11-13
MPL,Mumbai,11,2025-12-12,2025-11-13
G.P.L,Gosalpur,12,2025-12-12,2025-11-13
Mcl,Mumbai,15,2025-12-12,2025-11-13
CODE Winter Cup – The Auction Era 💰🏏,Aspen House,8,2025-12-12,2025-11-13
Suhail ansari,1500,150,2025-12-12,2025-11-13
KPL (mini) - 05,Kirdoli,13,2025-12-13,2025-11-13
Acc,Unknown Location,15,2025-12-13,2025-11-13
60 Yard sports Association,Hubli,130,2025-12-13,2025-11-13
Actis Premier League,ITI ground bengaluru,11,2025-12-13,2025-11-13
Riyazat burhaniyaah cup,Kalyan,9,2025-12-13,2025-11-13
Chennai super King,Mumbai,30,2025-12-13,2025-11-13
Ipl,Mumbai,25,2025-12-13,2025-11-13
NPL 18 AUCTION,Neptune Cricket Grounds,10,2025-12-13,2025-11-13
SSPL SEASON 3,Mumbai,7,2025-12-13,2025-11-13
BPL,Bilal pada,11,2025-12-13,2025-11-13
Sanatan cup,Narmadapuram,14,2025-12-13,2025-11-13
Ipl auction,Mumbai,21,2025-12-13,2025-11-13
GPL,Balasore,11,2025-12-13,2025-11-13
CPL3,Pune,6,2025-12-13,2025-11-13
eUCL SEASON 5,Kollam,11,2025-12-13,2025-11-13
MPL,Nasirabad,10,2025-12-13,2025-11-13
IPL,CSK,15,2025-12-13,2025-11-13
Ak trophy,Jalna Maharashtra,9,2025-12-13,2025-11-13
Taranjot singh,Punjab,15,2025-12-13,2025-11-13
"Shri Pipaji Sports Club, Under14 Cricket Tournament",Unknown Location,10,2025-12-14,2025-11-13
RTCPL SEASON 2,Ratnagiri,8,2025-12-14,2025-11-13
National Avenue Sports League (S III) - Men's Cricket,Mumbai,11,2025-12-14,2025-11-13
BRDPL,Akulshe,11,2025-12-14,2025-11-13
Sankranti season 2,Mangadu,18,2025-12-14,2025-11-13
DPL,Dhaker Kheri,11,2025-12-14,2025-11-13
Ipl,Mumbai,24,2025-12-14,2025-11-13
MGPL 2,Mumbai,9,2025-12-14,2025-11-13
KPL,Unknown Location,15,2025-12-14,2025-11-13
Khalwada Pride League,Khalwada,11,2025-12-14,2025-11-13
Jbl,Jharbari,13,2025-12-14,2025-11-13
DGPL,DG Club,8,2025-12-14,2025-11-13
MAITRI CUP SESSION 05,Polytechnic College Ground Ashok Nagar,15,2025-12-14,2025-11-13
SPL 13,Unknown Location,9,2025-12-14,2025-11-13
Ali star premier league season 3,Raza nagar Dungipada palghar,10,2025-12-14,2025-11-13
RCL CRICKET AUCTION,Mangalgarh,15,2025-12-15,2025-11-13
Mpl,3,11,2025-12-15,2025-11-13
AL-FATEH,mumbai,6,2025-12-15,2025-11-13
LPL 2026,Unknown Location,14,2025-12-15,2025-11-13
DPL,Durgawad,13,2025-12-15,2025-11-13
MPL 2026,Boisar,12,2025-12-15,2025-11-13
BPL-6,Bilkisganj,13,2025-12-15,2025-11-13
KPL - Season 3,Bengaluru,11,2025-12-15,2025-11-13
Ipl,Mumbai,20,2025-12-15,2025-11-13
Ipl,Delhi,20,2025-12-15,2025-11-13
KDS AUCTION GROUP,Unknown Location,6,2025-12-15,2025-11-13
Ipl,Gujrat,15,2025-12-15,2025-11-13
Ipl auction 2026,Mumbai,25,2025-12-15,2025-11-13
Ipl,India,25,2025-12-15,2025-11-13
IPL auction,Mumbai,18,2025-12-15,2025-11-13
RSSLC Auction,Unknown Location,11,2025-12-15,2025-11-13
Ipl,Unnao,18,2025-12-15,2025-11-13
Bpl action,Nimapada,15,2025-12-16,2025-11-13
BBPL SEASON 5,CHURCH GROUND,12,2025-12-16,2025-11-13
Pol,Bihar,17,2025-12-16,2025-11-13
KPPL AUCTION 2026,"Kolkata, Ghutiari sharif, Bansra,South Makhaltala, Kaora para",5,2025-12-17,2025-11-13
KPPL 2026 AUCTION,"West Bengal, kolkata, Bansra, Ghutiari sharif, South Makhaltala, Kaora para",6,2025-12-17,2025-11-13
Mobile Premier League 2026,Unknown Location,12,2025-12-17,2025-11-13
IPL Auction,Mumbai,15,2025-12-17,2025-11-13
Ipl,Odisha,1,2025-12-17,2025-11-13
FPL-3,Akra Fatak,4,2025-12-17,2025-11-13
Zam Zam Tyre,Indore,200,2025-12-18,2025-11-13
Spl Auction,Mumbai,6,2025-12-18,2025-11-13
Polaris Premier League,Unknown Location,10,2025-12-18,2025-11-13
Dpl,Dighri,9,2025-12-18,2025-11-13
CPL SEASON 1 2025-26,Jambusar,15,2025-12-18,2025-11-13
Ipl,Dubai,11,2025-12-18,2025-11-13
MPPL 2026 (Season-1),Badgacha,15,2025-12-18,2025-11-13
Spl,Navi Mumbai,14,2025-12-18,2025-11-13
TechOne Premier League- Season 4,Mumbai,16,2025-12-19,2025-11-13
Jaint garh tennis cricket,Jaint garh,13,2025-12-20,2025-11-13
Eriya cricket League season -2 2025,Eriya,11,2025-12-20,2025-11-13
Lpl 6,Unknown Location,15,2025-12-20,2025-11-13
Apl test,Mumbai,9,2025-12-20,2025-11-13
Ch,Mumbai,11,2025-12-20,2025-11-13
RPL,Rbd,7,2025-12-20,2025-11-13
Kaiwara Premier league,Kaiwara,13,2025-12-20,2025-11-13
TCPL,TIKRAPARA,16,2025-12-20,2025-11-13
BPL,Surat,14,2025-12-20,2025-11-13
SHAM NAGAR CHAMPIONS LEAGUE,Sham Nagar,9,2025-12-20,2025-11-13
IPL,Mumbai,11,2025-12-20,2025-11-13
BPL auction 2025,Bandhu mahal club,8,2025-12-20,2025-11-13
sspl,mumbai,8,2025-12-20,2025-11-13
Gol seson 4,Choudwar,6,2025-12-20,2025-11-13
Panchratna Premier league,Panchratna Vihar,5,2025-12-20,2025-11-13
Chinchale premier League,Chinchale,14,2025-12-20,2025-11-13
Palya Super Sixes League Auction,Mysore,7,2025-12-20,2025-11-13
VVSPL SEASON 1,Ahmedabad,12,2025-12-20,2025-11-13
RJPL SESSION 4,Unknown Location,10,2025-12-20,2025-11-13
SPL,Shirdale,7,2025-12-20,2025-11-13
APPL 2026,Mgm,16,2025-12-20,2025-11-13
Mini Ipl,Hosur,15,2025-12-20,2025-11-13
Cpl,Crown Auditorium,10,2025-12-20,2025-11-13
Vidhanshu,Uttar Pradesh,1,2025-12-20,2025-11-13
LUNAWAS KHARA SESSION. — 1,LUNAWAS KHARA,12,2025-12-21,2025-11-13
MPL season 4,Spin Arena turf,10,2025-12-21,2025-11-13
Crazy Boys Premier League 2026,Green Park Tattihakl,15,2025-12-21,2025-11-13
M.P.L,Maharo nadi field,13,2025-12-21,2025-11-13
CHAMPIONS LEAGUE,DICKOYA,13,2025-12-21,2025-11-13
MPL 2025,Dubai,11,2025-12-21,2025-11-13
Rpl auction,Rajnagar,15,2025-12-21,2025-11-13
KESHWANA PREMIER LEAGUE 2025,Keshwana,13,2025-12-21,2025-11-13
Kanti Bodan premier league,Kanti Bodan,11,2025-12-21,2025-11-13
Crompton premier league,Unknown Location,12,2025-12-21,2025-11-13
HINDU SAMAJ CRICKET TOURNAMENT SEASON-01,Vedach,15,2025-12-21,2025-11-13
VPL AUCTION,Turf,10,2025-12-21,2025-11-13
Bajarangi Premier league,Mumbai,13,2025-12-21,2025-11-13
N.S.P BOY'S TOURNAMENT,Naihati,7,2025-12-21,2025-11-13
JPL Auction 2026,Sheikhpur,11,2025-12-21,2025-11-13
SPL,Sendla,11,2025-12-21,2025-11-13
NEW YEAR CUP,Bangalore,16,2025-12-21,2025-11-13
GPL season 7,Goima,13,2025-12-21,2025-11-13
BTPL SEASON - 3,Vapi,12,2025-12-21,2025-11-13
Ipl auction,Gt,11,2025-12-21,2025-11-13
Mayaganj premier league,Bhagalpur,12,2025-12-22,2025-11-13
MAHTOLI PREMIER LEAGUE,MAHTOLI BAZAR CLUB,14,2025-12-23,2025-11-13
KPL AUCTION,Satsang field,9,2025-12-24,2025-11-13
SCL 1.0,Guwahati,7,2025-12-24,2025-11-13
Vodafone Premier League 2026,Wahal,13,2025-12-25,2025-11-13
VFPL 2026,S B Food Mall Karanja,10,2025-12-25,2025-11-13
RPL Auction 2025,BARI STADIUM 🏟️ KHARIK,8,2025-12-25,2025-11-13
PPL,Jamtare,14,2025-12-25,2025-11-13
Festival cup,Jeenahalli,11,2025-12-25,2025-11-13
IPL 2026,Indore,21,2025-12-25,2025-11-13
APL Season,Asad,8,2025-12-25,2025-11-13
DEPL,Dream enclave,7,2025-12-25,2025-11-13
CPL SEASON 4 2025 (CHANDRAMU PREMIERE LEAGUE),Bhagwati Ground mallipur,11,2025-12-25,2025-11-13
JPL-4 AUCTION,JALLOKI,11,2025-12-25,2025-11-13
Parkside Premier league,Surat,8,2025-12-25,2025-11-13
Bpl,Bewa,13,2025-12-25,2025-11-13
SPL,"Singhpur, Jajpur",22,2025-12-25,2025-11-13
Borkhola Premier League (season -III),Barjatrapur,12,2025-12-25,2025-11-13
Ct,Krishnanagar,2,2025-12-25,2025-11-13
GPL,Mumbai,10,2025-12-25,2025-11-13
Ppl,Mirsarai,125,2025-12-26,2025-11-13
Jpl auction,Jaigadh ratnagiri,11,2025-12-26,2025-11-13
Ppl auction,Mcc club,150,2025-12-26,2025-11-13
BIL,Bajitpur,88,2025-12-26,2025-11-13
DPL S9,DIBBA,13,2025-12-26,2025-11-13
Shyam Premier League,Blob - Kolkata,8,2025-12-27,2025-11-13
SAHYADRI PRIMIYAR LIGUE 2026,Kharghar Navi Mumbai,15,2025-12-27,2025-11-13
Mnpl,Mumbai,11,2025-12-27,2025-11-13
Svs super league trial,Udupi,14,2025-12-27,2025-11-13
Ipl,CSK,11,2025-12-27,2025-11-13
GPL AUCTION,Gadisagoda,12,2025-12-27,2025-11-13
Adivasi premier league Velvach 2026,Velvach,13,2025-12-27,2025-11-13
KPL SEASON 7,Hanuman mandir ground,11,2025-12-28,2025-11-13
देशिंग प्रेमिअर लीग,क . महांकाळ,15,2025-12-28,2025-11-13
Dps premier league 04,Padanipal,120,2025-12-28,2025-11-13
GPL Auction,Surat,16,2025-12-28,2025-11-13
HEBSUR PREMIER LEAGUE SEASON-4,Hebsur,14,2025-12-28,2025-11-13
Mohegaon Premier League (Season 3),Mohegaon,15,2025-12-28,2025-11-13
MPL SEASON 5,maradu,13,2025-12-28,2025-11-13
KDO Box Cricket Tournament 🏏-8,Hyderabad,9,2025-12-28,2025-11-13
RANDHE PREMIER LEAGUE,Mumbai,13,2025-12-28,2025-11-13
VPL2026,Kankavali,13,2025-12-28,2025-11-13
Baldewadi Premium League (BPL) Season 2,Mumbai,8,2025-12-28,2025-11-13
GPL Premier league 2025,Unknown Location,15,2025-12-28,2025-11-13
MENSA PREMIERE LEAGUE,Mumbai,6,2025-12-28,2025-11-13
FPL AUCTION,Binjharpur,15,2025-12-28,2025-11-13
Hazi suzam uddin laskar open night cricket tournament,Green wood resort Hailakandi,13,2025-12-28,2025-11-13
U20 premier league 2K26,Vittal,5,2025-12-28,2025-11-13
KERALA DHAMAKA,Kuwait,12,2025-12-29,2025-11-13
Golden cup,Moheshpur,11,2025-12-29,2025-11-13
MIRA BHAYANDAR PREMIER LEAGUE,Mumbai,9,2025-12-29,2025-11-13
BPL,Gandhinagar,12,2025-12-30,2025-11-13
Nmpl,Mumbai,11,2025-12-30,2025-11-13
Indian Premier League - 2026,India,12,2025-12-31,2025-11-13
ISLAM BAZAR PREMIER LEAGUE 2026,Islam bazar,18,2025-12-31,2025-11-13
छत्रपती स्टार प्रीमियर लीग - पर्व ३,वालवली टेनिस क्रिकेट मैदान,11,2025-12-31,2025-11-13
Stitch,Unknown Location,13,2025-12-31,2025-11-13
T10 gully cricket,Mumbai,3,2025-12-31,2025-11-13
FCT CS,Unknown Location,11,2025-12-31,2025-11-13
ACM CRICKET TOURNAMENT,Karnataka,12,2025-12-31,2025-11-13
Srirampur premium league,Srirampur bondhu Sangha,10,2025-12-31,2025-11-13
RRPl,RAM Nagar,11,2025-12-31,2025-11-13
SALEGAON PREMIER LEAGUE,Mangaon,15,2025-12-31,2025-11-13
Icon premier league,Indore,14,2025-12-31,2025-11-13
RCPL 2026,MATOSHRI MAYDAN,15,2025-12-31,2025-11-13
AEL season 5,Gwalior,13,2025-12-31,2025-11-13
SURJIT JEWELLERS PRESENT NOTHING IS PERMANENT CRICKET LEAGUE - 4 (NIPCL - 4),Bathinda,17,2026-01-01,2025-11-13
DPL 2026 ( TEAM BISMILLAH ),Bismillah Ground,15,2026-01-01,2025-11-13
Mpl,Unknown Location,11,2026-01-01,2025-11-13
DPL,Dhaka,12,2026-01-01,2025-11-13
Vijay Kadam Chasak,Sangli,13,2026-01-01,2025-11-13
Panchwati Cricket League Season -3,Khurja,12,2026-01-01,2025-11-13
Mpl season 3,Aurangabad,7,2026-01-01,2025-11-13
JPL,Ahmedabad,11,2026-01-01,2025-11-13
BPL,Odisha,11,2026-01-01,2025-11-13
Harigaon Premier League 2026,Shrirampur,13,2026-01-01,2025-11-13
SPL,MUMBAI,30,2026-01-01,2025-11-13
Alt league,Mumbai,10,2026-01-01,2025-11-13
KPL SEASON 7,Ahmedabad,9,2026-01-01,2025-11-13
PPL Season 3,Pimpalghar,16,2026-01-01,2025-11-13
Atul Yadav,Mumbai,11,2026-01-01,2025-11-13
पारोडी प्रीमियर लीग,पारोडी,15,2026-01-01,2025-11-13
Katheria Premier League,Ahmedabad,12,2026-01-02,2025-11-13
ECL PLAYER Auction,Narayanganj,8,2026-01-02,2025-11-13
Npl,Nagave,12,2026-01-02,2025-11-13
IPL 2026,Mumbai,11,2026-01-02,2025-11-13
BPL,Janta inter collage,11,2026-01-03,2025-11-13
Holi sneh milan,Unthwalita,11,2026-01-03,2025-11-13
BMC CHAMPIONS LEAGUE SEASON 4,Mangochi,8,2026-01-03,2025-11-13
GCCL Sports Auction,SRP,15,2026-01-03,2025-11-13
Ltpl auction,Kolkata,11,2026-01-03,2025-11-13
Vandarvela premier league,Vandavela Cricket club vagdi fariya,13,2026-01-04,2025-11-13
HPL SEASON 5,Hartopa,12,2026-01-04,2025-11-13
SALASAR PREMIER LEAGUE-5,SALASAR NAGAR GARDEN,7,2026-01-04,2025-11-13
Star Primiere League,Mangaluru,11,2026-01-04,2025-11-13
PPL,Padali,10,2026-01-04,2025-11-13
DAHIBAR PREMIUM LEAGUE,DAHIBAR cyclone 🌀 center,12,2026-01-04,2025-11-13
FSL 8,Airport,12,2026-01-04,2025-11-13
KPL Auction,Munbai,10,2026-01-04,2025-11-13
IPL 2026,Mumbai,20,2026-01-04,2025-11-13
Anandpura league,Anandpura,11,2026-01-04,2025-11-13
DESAHI PREMIER LEAGUE SEASON-12,DADHIBAMAN JEW TEMPLE,15,2026-01-04,2025-11-13
Jambhale Premier league,Jambhale,12,2026-01-04,2025-11-13
Upl Auction,Umarvav Najik,9,2026-01-04,2025-11-13
Khamini Cricket Leauge,Savoi Verem,15,2026-01-04,2025-11-13
BDM PREMIER LEAGUE 2026 S-3 ( Registration fees-100 ),Bamne,15,2026-01-05,2025-11-13
PETA PREMIER LEAGUE,Peta,15,2026-01-05,2025-11-13
DIGHA BIG BASH DHAMKA,Digha,13,2026-01-05,2025-11-13
DWPL,Mumbai,11,2026-01-05,2025-11-13
IPL AUCTION 2026,Bangalore,7,2026-01-06,2025-11-13
ઈચ્છાપોર પ્રીમિયર લીગ ૨૦૨૬ સીઝન ૫,ઈચ્છાપોર,15,2026-01-06,2025-11-13
Govind,Mahaboobnagar,12,2026-01-06,2025-11-13
NFCCCL,Unknown Location,18,2026-01-06,2025-11-13
Kpl,Unknown Location,8,2026-01-07,2025-11-13
TKPL AUCTION,Triangle Stadium,14,2026-01-08,2025-11-13
MPL,Rajkot,15,2026-01-09,2025-11-13
Kempegowda Premier League- Season 6,Bangalore,13,2026-01-09,2025-11-13
Kempegowda Premier League- Season 6,Bengaluru,13,2026-01-09,2025-11-13
Gpl 2 auction,Godavari d wing,8,2026-01-10,2025-11-13
CTC,Thanw,10,2026-01-10,2025-11-13
ACM CRICKET TOURNAMENT SEASON - 2,Davanagere,12,2026-01-10,2025-11-13
Kpl,Koday,12,2026-01-10,2025-11-13
Bpl Auction,Ballal Dighi,15,2026-01-10,2025-11-13
SPL AUCTION,Brahmagiri,15,2026-01-10,2025-11-13
Vhpl,Vhpl,11,2026-01-10,2025-11-13
CPL Auction,Chinkera,16,2026-01-10,2025-11-13
Cricket team,Kolambe,15,2026-01-10,2025-11-13
SNPL,Mumbai,9,2026-01-10,2025-11-13
पंचक्रोशी प्रीमियर लीग,Dhamani,12,2026-01-10,2025-11-13
स्वराज्य चषक 2026 (पर्व २ रे),Deola,15,2026-01-11,2025-11-13
PUNCHA HURA MANBAZAR CRICKET LEAGUE,Laulara School Ground,15,2026-01-11,2025-11-13
KPL,Howrah,6,2026-01-11,2025-11-13
Kpl,Kr padu ground,15,2026-01-12,2025-11-13
"ଛକ PREMIER LEAGUE (CPL)-SEASON-2, 2026",Odisha,15,2026-01-14,2025-11-13
Kadopada premium league season 9,Kadopada,15,2026-01-15,2025-11-13
KHAJUWALA PREMIER LEAGUE 202Y,Khajuwala,13,2026-01-15,2025-11-13
Blasters Premier League,Limerick,13,2026-01-16,2025-11-13
S.N.P.L 10,Ahmedabad,12,2026-01-16,2025-11-13
Hpl Auction,Hostel,15,2026-01-17,2025-11-13
EVN Premier League 13.0,Delhi,15,2026-01-17,2025-11-13
TCl,Tolak cricket field,15,2026-01-17,2025-11-13
Gmpl seson 12,Mumbai,9,2026-01-18,2025-11-13
IPL auction,Kolkata,18,2026-01-18,2025-11-13
JALABILA PREMIER LEAGUE SEASON-3,Jalabila,12,2026-01-18,2025-11-13
JPL 2026,Unknown Location,13,2026-01-20,2025-11-13
TPl 3,Kasganj,15,2026-01-20,2025-11-13
Morod premier cricket league,Indore,6,2026-01-20,2025-11-13
KPL SEASON 2,Mumbai 400011,7,2026-01-22,2025-11-13
ZPL,Zadpur,5,2026-01-22,2025-11-13
SPL - Season 3 - Shipcom Cup - 2026,Houston,15,2026-01-23,2025-11-13
COC,Cect Ground,11,2026-01-23,2025-11-13
MSC,Mahadeb nagar,11,2026-01-24,2025-11-13
Shanti nagar primer league,Ghatkopar,7,2026-01-24,2025-11-13
Bpl,Murbad,15,2026-01-26,2025-11-13
ABPL - Season 4,Mumbai,17,2026-01-26,2025-11-13
Eid cup,Bhadi,5,2026-01-26,2025-11-13
Upl,Kutch Gujarat,15,2026-01-26,2025-11-13
Kbpl,Mumbai,11,2026-01-26,2025-11-13
CPL 2026,Mumbai,15,2026-01-26,2025-11-13
Eid cup 2026,Unknown Location,6,2026-01-26,2025-11-13
Spl season 3,Ujjain,14,2026-01-26,2025-11-13
KPL 6,Mumbai,11,2026-01-31,2025-11-13
NMPL,N.e.s school nagothane,11,2026-01-31,2025-11-13
WPL SEASON 30,Basera,13,2026-01-31,2025-11-13
RAHUMA IPL 2026,Sedwa barmer,4,2026-02-01,2025-11-13
GCL S1-2026,Pune,14,2026-02-01,2025-11-13
Faijal,FIROZEPUR Jhirka,15,2026-02-01,2025-11-13
Wadi premire auction,Wadi,8,2026-02-01,2025-11-13
Bajrang Group Cricket Tournament,Hariyal,11,2026-02-02,2025-11-13
Mirgaon premier league 2026,Unknown Location,13,2026-02-02,2025-11-13
IPL,Mumbai,11,2026-02-04,2025-11-13
Dpl,Dhana,13,2026-02-05,2025-11-13
Gram Panchayat Premier league 2026,Pimma Nivada,5,2026-02-05,2025-11-13
Jpl,Asind,12,2026-02-07,2025-11-13
CBD Premier League CPL 2026,Cbd,15,2026-02-08,2025-11-13
होळी प्रीमियर लीग,जयेश महाराजांच मठ,7,2026-02-08,2025-11-13
Ekta cup session 4,Vapi,12,2026-02-08,2025-11-13
Jio IPL 2026,Mumbai,25,2026-02-08,2025-11-13
Digha Cup,Digha,13,2026-02-10,2025-11-13
Kid league,Mumbai,6,2026-02-10,2025-11-13
Kids ipl,Mumbai,8,2026-02-10,2025-11-13
RCL 2026,Pune,10,2026-02-11,2025-11-13
APL-3 Auction,Asuti,13,2026-02-14,2025-11-13
CPL SEASION 3,Suratgarh,8,2026-02-15,2025-11-13
APL SEASON 8,NCG Ambheti,15,2026-02-15,2025-11-13
Trail,Venue,16,2026-02-15,2025-11-13
Cpl 2026,Chorajwadi,10,2026-02-16,2025-11-13
ipl,Unknown Location,13,2026-02-16,2025-11-13
Mini ipl,Malda,25,2026-02-18,2025-11-13
IPL auction,Bangalore,11,2026-02-18,2025-11-13
UGPL,Utter Gobabasta,11,2026-02-20,2025-11-13
ACPL SEASON 3,New Panvel,6,2026-02-20,2025-11-13
MHHM CUP 2026,Kolkata,11,2026-02-21,2025-11-13
Juni aali Premier League,Kelavane juni aali,11,2026-02-22,2025-11-13
Ambheta Dhuleti,Ambheta Bhagat Falia,11,2026-02-22,2025-11-13
IPL Auction,Delhi,12,2026-02-22,2025-11-13
CPL - 4,Pratap Stadium Chirola,12,2026-02-23,2025-11-13
SPL 2026,Shivtekadi mitra mandal,10,2026-02-23,2025-11-13
Krishnadoddi Premier League 2026,Krishnadoddi,15,2026-02-25,2025-11-13
MBC T20,Livingstong Ground Parbatipur,11,2026-02-27,2025-11-13
Bpl,Baroda,15,2026-02-28,2025-11-13
CJS PREMIER LEAGUE,Dibrugarh,15,2026-02-28,2025-11-13
SPL,Shedbal,13,2026-02-28,2025-11-13
Pilali premiar leag,Hiriyur,12,2026-02-28,2025-11-13
Anil,Damka,11,2026-03-01,2025-11-13
Rajmata primiar Auctions,Bhandup,11,2026-03-01,2025-11-13
JPL auction,Jagpura cricket ground,12,2026-03-01,2025-11-13
Npl,"Narayanpur, kuchaikote",11,2026-03-01,2025-11-13
KPL- KANHARTOLA PREMIERE LEAGUE,Gondia,10,2026-03-03,2025-11-13
SPL auction,Dhule,11,2026-03-03,2025-11-13
CPL,Chakjafrabad ( club),12,2026-03-03,2025-11-13
KPL 5,Kotda,11,2026-03-03,2025-11-13
RAMNAGAR PREMIER LEAGUE,.,13,2026-03-05,2025-11-13
DPL AUCTION,Swaroop Nagar,25,2026-03-05,2025-11-13
Satirje Premier League 2026,Satirje,14,2026-03-07,2025-11-13
RPL 2025,Mumbai,11,2026-03-07,2025-11-13
DBSL,Dharmapura,15,2026-03-08,2025-11-13
Kpl,Kpl,15,2026-03-10,2025-11-13
ZPL Session 03,Unknown Location,9,2026-03-10,2025-11-13
Bcc,Unknown Location,15,2026-03-11,2025-11-13
KSPL,Bhujodi,8,2026-03-12,2025-11-13
Mpl S4,Murgram,11,2026-03-15,2025-11-13
FPL 3,Unknown Location,15,2026-03-15,2025-11-13
VMPL 2026,Mumbai,15,2026-03-15,2025-11-13
IPL,Pad,15,2026-03-15,2025-11-13
BPL Auction 2026,Betkuli kumta,12,2026-03-18,2025-11-13
Jpl 7,Jora,13,2026-03-18,2025-11-13
BPL,Bihar,9,2026-03-19,2025-11-13
Kolkata champion trophy,Kolkata,11,2026-03-20,2025-11-13
DPL season 4,Dhamalpar,13,2026-03-23,2025-11-13
BOX CRICKET LEAGUE SEASON 10,Godhra,8,2026-03-25,2025-11-13
mahabra premier league,mahabra (banda ) up 90,12,2026-03-28,2025-11-13
Alivekodi premier league,Tharapathi,10,2026-03-31,2025-11-13
Jayesh baleja (JB ),Unknown Location,3,2026-03-31,2025-11-13
CHAMPION LEAGUE,Pingalsai Roha,13,2026-04-01,2025-11-13
SCL 4 AUCTION,Unknown Location,3,2026-04-01,2025-11-13
KCL 2026,Gera Ground,15,2026-04-01,2025-11-13
Cpl,Fun and food kishanghat opp to gowri gopal hospital kurnool AP,10,2026-04-04,2025-11-13
Tokarde premiere league 2026,Mumbai,15,2026-04-04,2025-11-13
FANTASY FOOTBALL,Unknown Location,25,2026-04-04,2025-11-13
IPL MINI AUCTION,Chennai,25,2026-04-05,2025-11-13
SPL SEASON 3,DERADKA,4,2026-04-05,2025-11-13
CRICKET PREMIER LEAGUE 2.0 (2026),Unknown Location,3,2026-04-12,2025-11-13
Khinjiling Youth Cricket Tournament 2026,KHINJILING,9,2026-04-14,2025-11-13
YOTHS PRIMIUM LEAGUE,Lonara,7,2026-04-16,2025-11-13
Scl auction,Mukhya kumar shala,3,2026-04-20,2025-11-13
Jol season 2 auction,Jadwasa kalan,13,2026-04-20,2025-11-13
LPL Auction 2026,"Islampur, Jhunjhunu",14,2026-04-25,2025-11-13
AUCTION BASH SEASON - 1 KHEDIYA,"KHEDIYA,SARDARGADH,RAJSMAND,RAJSTHAN",12,2026-05-01,2025-11-13
MPL,Bariya,14,2026-05-03,2025-11-13
LION PREMIER LEAGUE LPL,Unknown Location,11,2026-05-07,2025-11-13
Dpl,Dandagunda,7,2026-05-12,2025-11-13
Ajay Jadhav,Auaau,12,2026-05-14,2025-11-13
KANTAPUKUR CRICKET LEAGUE AUCTION,Kantapukur cricket ground,9,2026-05-28,2025-11-13
N.P.L,Waluj,7,2026-07-08,2025-11-13
mirsauctiom,kolkata,11,2026-07-08,2025-11-13
Mpl,Jaisalmer,14,2026-07-14,2025-11-13
ABRAR PREMIER LEAGUE Season-7,Tippu Shadi Mahal Bandalli,12,2026-08-01,2025-11-13
Kohinoor primier league,Indore,10,2026-08-30,2025-11-13
Hyderabad premier league,Secunderabad,30,2026-09-05,2025-11-13
K P L SEASON 10 2026 KYADIGUPPA,KYADIGUPPA,14,2026-09-09,2025-11-13
KPL SEASON 2,Kannuru,9,2026-09-10,2025-11-13
CPPL-2025,Chitradurga,14,2026-09-26,2025-11-13
Jain Cricket Championship 2025,Agra,15,2026-10-07,2025-11-13
CPL,Chincholi,15,2026-10-20,2025-11-13
Ambheta premier league season 3,Dahej,15,2026-11-01,2025-11-13
Gamechangers Premier League 2026,Mangal bhairav NC,13,2026-11-02,2025-11-13
APL SEASON 2,AKAHA,8,2026-11-04,2025-11-13
Rajiv kumar,Bihar,11,2026-11-05,2025-11-13
KSKL Auction,SIROHI,10,2026-11-06,2025-11-13
Gh,Ghogomali,12,2026-11-06,2025-11-13
MPL NAPASAR,Napasar,14,2026-11-07,2025-11-13
Chand salmani,Prayagraj,1,2026-11-07,2025-11-13
BCL,Bihar,15,2026-11-08,2025-11-13
Fulra 11,Unknown Location,20,2026-11-09,2025-11-13
Bablu kumar yadav,Bihar,11,2026-11-10,2025-11-13
IP,CSK,15,2026-11-11,2025-11-13
DPL,Mahesana,12,2026-11-11,2025-11-13
RcB,Baat karne ke baad bhi nahi dala photo ..kya kar rahe ho yaar,111,2026-11-11,2025-11-13
Ipl,RCB,18,2026-11-13,2025-11-13
RCC TPL 2026,Mumbai,7,2026-11-26,2025-11-13
Ipl auction,Mumbai,18,2026-12-05,2025-11-13
BaiRaThaL PreMieR LeaUgE,Modern public school bairathal kalan,12,2026-12-05,2025-11-13
Mega auction,Oddisa,11,2026-12-10,2025-11-13
KCPL,Kantapukur,9,2026-12-11,2025-11-13
Pro kbd,Haveri,7,2026-12-18,2025-11-13
UEPL-2 MEN 2025,Pearl banquet hall,9,2026-12-31,2025-11-13
UEPL-2 WOMEN 2025,Pearl Banquet,9,2026-12-31,2025-11-13
UEPL-2 JUNIOR 2025,Pearl Banquet,8,2026-12-31,2025-11-13
SPCL Star Players Cricket League,Indore,100,2027-01-01,2025-11-13
Ipl auction Mega 2028,Dubai,11,2027-01-01,2025-11-13
KIDS PSL AUCTIONS,SINDH,2,2027-01-01,2025-11-13
PENKAR PADA Premier League,MUMBAI,50,2027-01-01,2025-11-13
IPL,MILETRI,5,2027-01-01,2025-11-13
Tpl,Tarwade,11,2027-01-01,2025-11-13
Md arshad,Mumbai,73,2027-01-01,2025-11-13
Pritesh,Rcb,12,2027-01-01,2025-11-13
Mustafa,Dxc,800,2027-01-01,2025-11-13
Infinx Premier League (IPL 2025) - Hyderabad,Hyderabad,14,2025-11-14,2025-11-13
Tpl Auction,Surat,7,2025-11-14,2025-11-13
Phantoms present get together,Nasik,8,2025-11-14,2025-11-13
Invincible11,Dubai,11,2025-11-14,2025-11-13
IPL Auction,Unknown Location,8,2025-11-14,2025-11-13
Iniyanyur,Trichy,11,2025-11-14,2025-11-13
Dp Auctions,Lucknow,5,2025-11-15,2025-11-13
AU Badminton Internal Tornament Season 3 Auction,Unknown Location,14,2025-11-16,2025-11-13
Test,Mumbai,10,2025-11-17,2025-11-13
Gpl,Mumbai,11,2025-11-18,2025-11-13
Test,Pune,8,2025-11-19,2025-11-13
Reznet Cricket league,Unknown Location,9,2025-11-20,2025-11-13
Bpl auction -2025,Bhupagadh,11,2025-11-20,2025-11-13
Vpl,Vindhane,15,2025-11-23,2025-11-13
WALIV PREMIERE LEAGUE SEASON 9,WALIV VASAI,15,2025-11-30,2025-11-13
Sagar primium league,Sawariya 11,11,2025-12-01,2025-11-13
Pshh,Bhd,9,2025-12-07,2025-11-13
Rajmata,Unknown Location,10,2026-03-01,2025-11-13
Mahakal club cricket tournament,Sasni,12,2026-03-04,2025-11-13
AFK Premier League -3,Pune,15,2026-03-07,2025-11-13
JPL,Jaipat,11,2026-05-28,2025-11-13
